library,scenario_id,conns,n_total,n_valid,valid,delivery_ratio_median,forward_delivery_ratio_median,forward_delivery_ratio_r_median,forward_delivery_ratio_u_median,server_echo_accept_ratio_median,server_echo_accept_ratio_r_median,server_echo_accept_ratio_u_median,return_delivery_ratio_median,return_delivery_ratio_r_median,return_delivery_ratio_u_median,server_cpu_pct_median,server_cpu_pct_peak_median,rtt_r_p50_us_median,rtt_r_p95_us_median,rtt_r_p99_us_median,rtt_u_p50_us_median,rtt_u_p95_us_median,rtt_u_p99_us_median,included_run_ids,note
apex_rudp,apex_rudp_r0_u30_1000_100_broadcast_0_adaptive,100,3,3,1,0.9815,0.9912,,0.9896,1.0000,,1.0000,0.9899,,0.9899,49.97,144.44,0,0,0,52700,64600,70500,media_relay_c100_r1;media_relay_c100_r2;media_relay_c100_r3,
apex_rudp,apex_rudp_r0_u30_1000_125_broadcast_0_adaptive,125,3,3,1,0.9809,0.9908,,0.9875,1.0000,,1.0000,0.9899,,0.9899,80.59,127.05,0,0,0,55100,68300,74900,media_relay_c125_r1;media_relay_c125_r2;media_relay_c125_r3,
apex_rudp,apex_rudp_r0_u30_1000_150_broadcast_0_adaptive,150,3,3,1,0.9773,0.9886,,0.9833,1.0000,,1.0000,0.9885,,0.9885,113.74,136.64,0,0,0,61200,80300,89100,media_relay_c150_r1;media_relay_c150_r2;media_relay_c150_r3,
apex_rudp,apex_rudp_r0_u30_1000_1_broadcast_0_adaptive,1,3,3,1,0.9817,0.9900,,0.9900,1.0000,,1.0000,0.9883,,0.9883,13.65,17.21,0,0,0,50200,60900,65800,media_relay_c1_r1;media_relay_c1_r2;media_relay_c1_r3,
apex_rudp,apex_rudp_r0_u30_1000_200_broadcast_0_adaptive,200,3,3,1,0.6309,0.9882,,0.9800,0.6790,,0.6790,0.9393,,0.9393,123.57,151.36,0,0,0,1361000,1413000,1422000,media_relay_c200_r1;media_relay_c200_r2;media_relay_c200_r3,
apex_rudp,apex_rudp_r0_u30_1000_50_broadcast_0_adaptive,50,3,3,1,0.9803,0.9904,,0.9904,1.0000,,1.0000,0.9898,,0.9898,22.94,25.68,0,0,0,50500,62100,66900,media_relay_c50_r1;media_relay_c50_r2;media_relay_c50_r3,
apex_rudp,apex_rudp_r0_u30_1000_5_broadcast_0_adaptive,5,3,3,1,0.9769,0.9867,,0.9867,1.0000,,1.0000,0.9907,,0.9907,14.57,21.22,0,0,0,50300,61800,66400,media_relay_c5_r1;media_relay_c5_r2;media_relay_c5_r3,
apex_rudp,apex_rudp_r0_u30_1000_75_broadcast_0_adaptive,75,3,3,1,0.9822,0.9921,,0.9921,1.0000,,1.0000,0.9901,,0.9901,42.11,60.82,0,0,0,51700,63500,68800,media_relay_c75_r1;media_relay_c75_r2;media_relay_c75_r3,
apex_rudp,apex_rudp_r1_u20_128_128_broadcast_0_adaptive,128,3,3,1,0.9782,0.9899,1.0000,0.9894,1.0000,1.0000,1.0000,0.9882,0.9571,0.9898,31.65,62.27,61700,82800,177400,51400,64800,76900,game_server_c128_r1;game_server_c128_r2;game_server_c128_r3,
apex_rudp,apex_rudp_r1_u20_128_192_broadcast_0_adaptive,192,3,3,1,0.9819,0.9916,1.0000,0.9869,1.0000,1.0000,1.0000,0.9901,0.9921,0.9900,37.78,104.04,79600,116200,156900,53100,81700,119000,game_server_c192_r1;game_server_c192_r2;game_server_c192_r3,
apex_rudp,apex_rudp_r1_u20_128_1_broadcast_0_adaptive,1,3,3,1,0.9857,0.9929,1.0000,0.9925,1.0000,1.0000,1.0000,0.9928,1.0000,0.9924,13.53,18.47,50400,56700,56700,50300,60400,66000,game_server_c1_r1;game_server_c1_r2;game_server_c1_r3,
apex_rudp,apex_rudp_r1_u20_128_256_broadcast_0_adaptive,256,3,3,1,0.9805,0.9928,1.0000,0.9862,1.0000,1.0000,1.0000,0.9891,0.9925,0.9889,60.69,136.59,110800,177500,310000,60100,154700,178600,game_server_c256_r1;game_server_c256_r2;game_server_c256_r3,
apex_rudp,apex_rudp_r1_u20_128_5_broadcast_0_adaptive,5,3,3,1,0.9829,0.9919,1.0000,0.9915,1.0000,1.0000,1.0000,0.9912,1.0000,0.9907,14.42,18.69,50500,61800,135400,50100,61500,66400,game_server_c5_r1;game_server_c5_r2;game_server_c5_r3,
apex_rudp,apex_rudp_r1_u20_128_64_broadcast_0_adaptive,64,3,3,1,0.9781,0.9881,1.0000,0.9875,1.0000,1.0000,1.0000,0.9903,1.0000,0.9898,18.39,25.65,51900,64500,74000,50500,62100,67000,game_server_c64_r1;game_server_c64_r2;game_server_c64_r3,
apex_rudp,apex_rudp_r1_u20_128_96_broadcast_0_adaptive,96,3,3,1,0.9766,0.9887,1.0000,0.9881,1.0000,1.0000,1.0000,0.9874,0.9394,0.9899,24.91,40.18,55800,69900,152900,50900,63100,68200,game_server_c96_r1;game_server_c96_r2;game_server_c96_r3,
apex_rudp,apex_rudp_r50_u0_64_1000_echo_0_adaptive,1000,3,3,1,1.0000,1.0000,1.0000,,1.0000,1.0000,,1.0000,1.0000,,21.08,28.31,51400,64500,151000,0,0,0,reliable_echo_c1000_r1;reliable_echo_c1000_r2;reliable_echo_c1000_r3,
apex_rudp,apex_rudp_r50_u0_64_1500_echo_0_adaptive,1500,3,3,1,1.0000,1.0000,1.0000,,1.0000,1.0000,,1.0000,1.0000,,24.80,31.90,51500,64400,150000,0,0,0,reliable_echo_c1500_r1;reliable_echo_c1500_r2;reliable_echo_c1500_r3,
apex_rudp,apex_rudp_r50_u0_64_1_echo_0_adaptive,1,3,3,1,1.0000,1.0000,1.0000,,1.0000,1.0000,,1.0000,1.0000,,13.67,17.71,50500,63100,150600,0,0,0,reliable_echo_c1_r1;reliable_echo_c1_r2;reliable_echo_c1_r3,
apex_rudp,apex_rudp_r50_u0_64_2000_echo_0_adaptive,2000,3,3,1,1.0000,1.0000,1.0000,,1.0000,1.0000,,1.0000,1.0000,,28.59,37.01,51600,64900,151300,0,0,0,reliable_echo_c2000_r1;reliable_echo_c2000_r2;reliable_echo_c2000_r3,
apex_rudp,apex_rudp_r50_u0_64_200_echo_0_adaptive,200,3,3,1,1.0000,1.0000,1.0000,,1.0000,1.0000,,1.0000,1.0000,,15.85,24.36,50500,63300,150200,0,0,0,reliable_echo_c200_r1;reliable_echo_c200_r2;reliable_echo_c200_r3,
apex_rudp,apex_rudp_r50_u0_64_3000_echo_0_adaptive,3000,3,3,1,1.0000,1.0000,1.0000,,1.0000,1.0000,,1.0000,1.0000,,36.43,46.97,52000,65000,152500,0,0,0,reliable_echo_c3000_r1;reliable_echo_c3000_r2;reliable_echo_c3000_r3,
apex_rudp,apex_rudp_r50_u0_64_50_echo_0_adaptive,50,3,3,1,1.0000,1.0000,1.0000,,1.0000,1.0000,,1.0000,1.0000,,14.72,21.92,50300,63200,148700,0,0,0,reliable_echo_c50_r1;reliable_echo_c50_r2;reliable_echo_c50_r3,
apex_rudp,apex_rudp_r50_u0_64_600_echo_0_adaptive,600,3,3,1,1.0000,1.0000,1.0000,,1.0000,1.0000,,1.0000,1.0000,,18.44,23.57,50900,64100,150400,0,0,0,reliable_echo_c600_r1;reliable_echo_c600_r2;reliable_echo_c600_r3,
apex_rudp,apex_rudp_r50_u50_64_1000_echo_0_adaptive,1000,3,3,1,0.9902,0.9952,1.0000,0.9904,1.0000,1.0000,1.0000,0.9952,1.0000,0.9903,28.66,53.21,51200,64600,152300,50500,62100,67000,echo_c1000_r1;echo_c1000_r2;echo_c1000_r3,
apex_rudp,apex_rudp_r50_u50_64_1500_echo_0_adaptive,1500,3,3,1,0.9904,0.9950,1.0000,0.9900,1.0000,1.0000,1.0000,0.9954,1.0000,0.9907,34.06,73.63,51200,64400,152200,50600,62100,67000,echo_c1500_r1;echo_c1500_r2;echo_c1500_r3,
apex_rudp,apex_rudp_r50_u50_64_1_echo_0_adaptive,1,3,3,1,0.9890,0.9955,1.0000,0.9910,1.0000,1.0000,1.0000,0.9955,1.0000,0.9908,13.89,18.77,50400,63500,150000,50000,61800,67500,echo_c1_r1;echo_c1_r2;echo_c1_r3,
apex_rudp,apex_rudp_r50_u50_64_2000_echo_0_adaptive,2000,3,3,1,0.9900,0.9951,1.0000,0.9902,1.0000,1.0000,1.0000,0.9950,1.0000,0.9899,40.59,65.02,51500,64700,152100,50700,62400,67100,echo_c2000_r1;echo_c2000_r2;echo_c2000_r3,
apex_rudp,apex_rudp_r50_u50_64_200_echo_0_adaptive,200,3,3,1,0.9897,0.9946,1.0000,0.9892,1.0000,1.0000,1.0000,0.9948,1.0000,0.9895,17.28,43.15,50600,63900,151300,50200,61800,66500,echo_c200_r1;echo_c200_r2;echo_c200_r3,
apex_rudp,apex_rudp_r50_u50_64_3000_echo_0_adaptive,3000,3,3,1,0.9905,0.9953,1.0000,0.9906,1.0000,1.0000,1.0000,0.9950,1.0000,0.9900,58.71,77.63,51700,64900,152600,51100,62800,67700,echo_c3000_r1;echo_c3000_r2;echo_c3000_r3,
apex_rudp,apex_rudp_r50_u50_64_50_echo_0_adaptive,50,3,3,1,0.9874,0.9927,1.0000,0.9854,1.0000,1.0000,1.0000,0.9946,1.0000,0.9891,15.34,18.29,50400,63500,152000,50100,61700,66200,echo_c50_r1;echo_c50_r2;echo_c50_r3,
apex_rudp,apex_rudp_r50_u50_64_600_echo_0_adaptive,600,3,3,1,0.9902,0.9953,1.0000,0.9906,1.0000,1.0000,1.0000,0.9953,1.0000,0.9905,23.28,62.28,50900,63900,150600,50600,62100,67000,echo_c600_r1;echo_c600_r2;echo_c600_r3,
coop_rudp,coop_rudp_r0_u30_1000_100_broadcast_0_adaptive,100,3,3,1,0.9665,0.9904,,0.9904,0.9854,,0.9854,0.9900,,0.9900,66.83,77.98,0,0,0,60000,73300,77700,media_relay_c100_r1;media_relay_c100_r2;media_relay_c100_r3,
coop_rudp,coop_rudp_r0_u30_1000_125_broadcast_0_adaptive,125,3,3,1,0.8610,0.9900,,0.9900,0.8793,,0.8793,0.9902,,0.9902,89.22,100.01,0,0,0,70500,86400,92700,media_relay_c125_r1;media_relay_c125_r2;media_relay_c125_r3,
coop_rudp,coop_rudp_r0_u30_1000_1_broadcast_0_adaptive,1,3,3,1,0.9800,0.9917,,0.9917,1.0000,,1.0000,0.9915,,0.9915,20.30,24.46,0,0,0,50200,61300,65700,media_relay_c1_r1;media_relay_c1_r2;media_relay_c1_r3,
coop_rudp,coop_rudp_r0_u30_1000_50_broadcast_0_adaptive,50,3,3,1,0.9822,0.9913,,0.9913,1.0000,,1.0000,0.9908,,0.9908,31.67,35.29,0,0,0,51700,63000,68000,media_relay_c50_r1;media_relay_c50_r2;media_relay_c50_r3,
coop_rudp,coop_rudp_r0_u30_1000_5_broadcast_0_adaptive,5,3,3,1,0.9810,0.9910,,0.9910,1.0000,,1.0000,0.9903,,0.9903,20.69,26.89,0,0,0,50200,61500,66300,media_relay_c5_r1;media_relay_c5_r2;media_relay_c5_r3,
coop_rudp,coop_rudp_r0_u30_1000_75_broadcast_0_adaptive,75,3,3,1,0.9809,0.9904,,0.9904,1.0000,,1.0000,0.9901,,0.9901,45.86,72.17,0,0,0,54500,66300,70800,media_relay_c75_r1;media_relay_c75_r2;media_relay_c75_r3,
coop_rudp,coop_rudp_r1_u20_128_1_broadcast_0_adaptive,1,3,3,1,0.9667,0.9833,1.0000,0.9825,1.0000,1.0000,1.0000,0.9877,1.0000,0.9871,20.22,21.42,50500,65600,65600,50600,61500,66900,game_server_c1_r1;game_server_c1_r2;game_server_c1_r3,
coop_rudp,coop_rudp_r1_u20_128_5_broadcast_0_adaptive,5,3,3,1,0.9817,0.9905,1.0000,0.9900,1.0000,1.0000,1.0000,0.9912,1.0000,0.9907,20.55,23.98,50300,63700,108100,50100,62100,67000,game_server_c5_r1;game_server_c5_r2;game_server_c5_r3,
coop_rudp,coop_rudp_r1_u20_128_64_broadcast_0_adaptive,64,3,3,1,0.9621,0.9893,1.0000,0.9888,0.9812,0.8250,0.9892,0.9911,1.0000,0.9907,31.58,37.96,55400,68200,150700,53000,64500,69100,game_server_c64_r1;game_server_c64_r2;game_server_c64_r3,
coop_rudp,coop_rudp_r1_u20_128_96_broadcast_0_adaptive,96,3,3,1,0.9199,0.9893,1.0000,0.9888,0.9397,0.5406,0.9605,0.9896,1.0000,0.9893,44.91,54.40,59500,72800,109800,57700,70100,74400,game_server_c96_r1;game_server_c96_r2;game_server_c96_r3,
coop_rudp,coop_rudp_r50_u0_64_1000_echo_0_adaptive,1000,3,3,1,1.0000,1.0000,1.0000,,1.0000,1.0000,,1.0000,1.0000,,52.68,59.90,53700,66800,154200,0,0,0,reliable_echo_c1000_r1;reliable_echo_c1000_r2;reliable_echo_c1000_r3,
coop_rudp,coop_rudp_r50_u0_64_1500_echo_0_adaptive,1500,3,3,1,1.0000,1.0000,1.0000,,1.0000,1.0000,,1.0000,1.0000,,68.78,84.95,54200,67100,154400,0,0,0,reliable_echo_c1500_r1;reliable_echo_c1500_r2;reliable_echo_c1500_r3,
coop_rudp,coop_rudp_r50_u0_64_1_echo_0_adaptive,1,3,3,1,1.0000,1.0000,1.0000,,1.0000,1.0000,,1.0000,1.0000,,20.31,22.35,50200,63000,145200,0,0,0,reliable_echo_c1_r1;reliable_echo_c1_r2;reliable_echo_c1_r3,
coop_rudp,coop_rudp_r50_u0_64_2000_echo_0_adaptive,2000,3,3,1,1.0000,1.0000,1.0000,,1.0000,1.0000,,1.0000,1.0000,,83.43,96.52,56300,70200,157900,0,0,0,reliable_echo_c2000_r1;reliable_echo_c2000_r2;reliable_echo_c2000_r3,
coop_rudp,coop_rudp_r50_u0_64_200_echo_0_adaptive,200,3,3,1,1.0000,1.0000,1.0000,,1.0000,1.0000,,1.0000,1.0000,,28.15,32.57,50900,64000,150600,0,0,0,reliable_echo_c200_r1;reliable_echo_c200_r2;reliable_echo_c200_r3,
coop_rudp,coop_rudp_r50_u0_64_3000_echo_0_adaptive,3000,3,0,0,,,,,,,,,,,,,,,,,,,,client_tick
coop_rudp,coop_rudp_r50_u0_64_50_echo_0_adaptive,50,3,3,1,1.0000,1.0000,1.0000,,1.0000,1.0000,,1.0000,1.0000,,21.85,28.96,50400,63600,149200,0,0,0,reliable_echo_c50_r1;reliable_echo_c50_r2;reliable_echo_c50_r3,
coop_rudp,coop_rudp_r50_u0_64_600_echo_0_adaptive,600,3,3,1,1.0000,1.0000,1.0000,,1.0000,1.0000,,1.0000,1.0000,,38.83,45.12,52100,65100,151100,0,0,0,reliable_echo_c600_r1;reliable_echo_c600_r2;reliable_echo_c600_r3,
coop_rudp,coop_rudp_r50_u50_64_1000_echo_0_adaptive,1000,3,3,1,0.9911,0.9955,1.0000,0.9910,1.0000,1.0000,1.0000,0.9956,1.0000,0.9912,59.92,69.23,55300,68000,153900,55100,66700,71600,echo_c1000_r1;echo_c1000_r2;echo_c1000_r3,
coop_rudp,coop_rudp_r50_u50_64_1500_echo_0_adaptive,1500,3,2,1,0.9892,0.9947,1.0000,0.9893,1.0000,1.0000,1.0000,0.9945,1.0000,0.9889,80.70,98.06,56850,70950,157700,56700,69100,74150,echo_c1500_r1;echo_c1500_r3,
coop_rudp,coop_rudp_r50_u50_64_1_echo_0_adaptive,1,3,3,1,0.9910,0.9950,1.0000,0.9900,1.0000,1.0000,1.0000,0.9965,1.0000,0.9929,20.49,25.99,50300,62600,144400,50300,61500,66300,echo_c1_r1;echo_c1_r2;echo_c1_r3,
coop_rudp,coop_rudp_r50_u50_64_2000_echo_0_adaptive,2000,3,0,0,,,,,,,,,,,,,,,,,,,,client_tick
coop_rudp,coop_rudp_r50_u50_64_200_echo_0_adaptive,200,3,3,1,0.9904,0.9950,1.0000,0.9900,1.0000,1.0000,1.0000,0.9951,1.0000,0.9902,30.14,37.52,51100,64400,149000,51000,62900,67700,echo_c200_r1;echo_c200_r2;echo_c200_r3,
coop_rudp,coop_rudp_r50_u50_64_50_echo_0_adaptive,50,3,3,1,0.9905,0.9952,1.0000,0.9905,1.0000,1.0000,1.0000,0.9954,1.0000,0.9907,22.29,25.67,50500,63800,148300,50400,62200,66800,echo_c50_r1;echo_c50_r2;echo_c50_r3,
coop_rudp,coop_rudp_r50_u50_64_600_echo_0_adaptive,600,3,3,1,0.9902,0.9949,1.0000,0.9898,1.0000,1.0000,1.0000,0.9959,1.0000,0.9918,44.42,55.64,53000,65900,151800,52900,64500,69600,echo_c600_r1;echo_c600_r2;echo_c600_r3,
enet,enet_r0_u30_1000_1_broadcast_0_adaptive,1,3,3,1,0.9850,0.9917,,0.9917,1.0000,,1.0000,0.9933,,0.9933,13.63,18.23,0,0,0,50300,62000,65900,media_relay_c1_r1;media_relay_c1_r2;media_relay_c1_r3,
enet,enet_r0_u30_1000_50_broadcast_0_adaptive,50,3,3,1,0.9523,0.9885,,0.9885,1.0000,,1.0000,0.9632,,0.9632,78.15,99.92,0,0,0,54900,67800,74400,media_relay_c50_r1;media_relay_c50_r2;media_relay_c50_r3,
enet,enet_r0_u30_1000_5_broadcast_0_adaptive,5,3,3,1,0.9780,0.9890,,0.9890,1.0000,,1.0000,0.9889,,0.9889,14.72,19.41,0,0,0,50100,61600,66400,media_relay_c5_r1;media_relay_c5_r2;media_relay_c5_r3,
enet,enet_r0_u30_1000_75_broadcast_0_adaptive,75,3,3,1,0.4946,0.5051,,0.5028,1.0000,,1.0000,0.9806,,0.9806,94.44,100.00,0,0,0,282700,332900,346700,media_relay_c75_r1;media_relay_c75_r2;media_relay_c75_r3,
enet,enet_r1_u20_128_1_broadcast_0_adaptive,1,3,3,1,0.9738,0.9929,1.0000,0.9925,1.0000,1.0000,1.0000,0.9780,1.0000,0.9769,13.54,17.90,49600,63100,63100,50500,61600,67100,game_server_c1_r1;game_server_c1_r2;game_server_c1_r3,
enet,enet_r1_u20_128_5_broadcast_0_adaptive,5,3,3,1,0.9763,0.9890,1.0000,0.9885,1.0000,1.0000,1.0000,0.9872,1.0000,0.9865,14.60,18.49,51500,64500,116700,50300,61800,67000,game_server_c5_r1;game_server_c5_r2;game_server_c5_r3,
enet,enet_r1_u20_128_64_broadcast_0_adaptive,64,3,3,1,0.9607,0.9883,1.0000,0.9877,1.0000,1.0000,1.0000,0.9720,0.9906,0.9711,50.84,61.92,56700,127800,144100,50700,62400,67100,game_server_c64_r1;game_server_c64_r2;game_server_c64_r3,
enet,enet_r1_u20_128_96_broadcast_0_adaptive,96,3,3,1,0.9414,0.9892,1.0000,0.9887,1.0000,1.0000,1.0000,0.9515,0.9906,0.9495,64.38,77.63,57100,128800,145900,51500,63700,68900,game_server_c96_r1;game_server_c96_r2;game_server_c96_r3,
enet,enet_r50_u0_64_1000_echo_0_adaptive,1000,3,3,1,0.9999,0.9999,0.9999,,1.0000,1.0000,,1.0000,1.0000,,95.92,99.82,86400,267400,563100,0,0,0,reliable_echo_c1000_r1;reliable_echo_c1000_r2;reliable_echo_c1000_r3,
enet,enet_r50_u0_64_1500_echo_0_adaptive,1500,3,3,1,0.6072,0.6073,0.6073,,1.0000,1.0000,,0.9991,0.9991,,96.48,100.00,492100,1244000,2016000,0,0,0,reliable_echo_c1500_r1;reliable_echo_c1500_r2;reliable_echo_c1500_r3,
enet,enet_r50_u0_64_1_echo_0_adaptive,1,3,3,1,1.0000,1.0000,1.0000,,1.0000,1.0000,,1.0000,1.0000,,13.69,19.98,50600,78100,123100,0,0,0,reliable_echo_c1_r1;reliable_echo_c1_r2;reliable_echo_c1_r3,
enet,enet_r50_u0_64_200_echo_0_adaptive,200,3,3,1,1.0000,1.0000,1.0000,,1.0000,1.0000,,1.0000,1.0000,,41.96,52.77,51200,83800,125700,0,0,0,reliable_echo_c200_r1;reliable_echo_c200_r2;reliable_echo_c200_r3,
enet,enet_r50_u0_64_50_echo_0_adaptive,50,3,3,1,1.0000,1.0000,1.0000,,1.0000,1.0000,,1.0000,1.0000,,19.75,28.44,51000,83000,126100,0,0,0,reliable_echo_c50_r1;reliable_echo_c50_r2;reliable_echo_c50_r3,
enet,enet_r50_u0_64_600_echo_0_adaptive,600,3,3,1,1.0000,1.0000,1.0000,,1.0000,1.0000,,1.0000,1.0000,,92.03,98.11,53100,85300,127800,0,0,0,reliable_echo_c600_r1;reliable_echo_c600_r2;reliable_echo_c600_r3,
enet,enet_r50_u50_64_1000_echo_0_adaptive,1000,3,3,1,0.8606,0.8864,0.9879,0.7803,1.0000,1.0000,1.0000,0.9743,0.9996,0.9426,97.89,99.85,172200,1109000,2560000,78200,125000,192400,echo_c1000_r1;echo_c1000_r2;echo_c1000_r3,
enet,enet_r50_u50_64_1_echo_0_adaptive,1,3,3,1,0.9875,0.9930,1.0000,0.9860,1.0000,1.0000,1.0000,0.9945,1.0000,0.9888,13.69,18.59,51300,89000,123600,50200,61800,66700,echo_c1_r1;echo_c1_r2;echo_c1_r3,
enet,enet_r50_u50_64_200_echo_0_adaptive,200,3,3,1,0.9893,0.9948,1.0000,0.9895,1.0000,1.0000,1.0000,0.9948,1.0000,0.9895,46.07,57.48,51200,83400,125800,50400,62000,66800,echo_c200_r1;echo_c200_r2;echo_c200_r3,
enet,enet_r50_u50_64_50_echo_0_adaptive,50,3,3,1,0.9880,0.9932,1.0000,0.9864,1.0000,1.0000,1.0000,0.9944,1.0000,0.9887,20.61,28.53,51000,83300,125900,50200,61800,66700,echo_c50_r1;echo_c50_r2;echo_c50_r3,
enet,enet_r50_u50_64_600_echo_0_adaptive,600,3,3,1,0.9878,0.9943,1.0000,0.9886,1.0000,1.0000,1.0000,0.9935,1.0000,0.9869,94.31,99.90,54300,88200,129600,53500,66200,71000,echo_c600_r1;echo_c600_r2;echo_c600_r3,
gns,gns_r0_u30_1000_1_broadcast_0_adaptive,1,3,3,1,0.9800,0.9933,,0.9933,1.0000,,1.0000,0.9866,,0.9866,12.08,16.69,0,0,0,60300,71900,76500,media_relay_c1_r1;media_relay_c1_r2;media_relay_c1_r3,
gns,gns_r0_u30_1000_50_broadcast_0_adaptive,50,3,3,1,0.9664,0.9899,,0.9899,1.0000,,1.0000,0.9763,,0.9763,119.10,137.80,0,0,0,60300,83800,118300,media_relay_c50_r1;media_relay_c50_r2;media_relay_c50_r3,
gns,gns_r0_u30_1000_5_broadcast_0_adaptive,5,3,3,1,0.9740,0.9897,,0.9897,1.0000,,1.0000,0.9842,,0.9842,13.92,23.42,0,0,0,59400,71300,76200,media_relay_c5_r1;media_relay_c5_r2;media_relay_c5_r3,
gns,gns_r0_u30_1000_75_broadcast_0_adaptive,75,3,3,1,0.1490,0.5164,,0.5164,1.0000,,1.0000,0.2882,,0.2882,135.46,170.75,0,0,0,856000,5891000,6978000,media_relay_c75_r1;media_relay_c75_r2;media_relay_c75_r3,
gns,gns_r1_u20_128_128_broadcast_0_adaptive,128,3,3,1,0.8733,0.9780,1.0000,0.9769,0.9086,0.9220,0.9080,0.9812,0.9813,0.9810,167.81,177.67,1360000,2483000,2584000,1389000,2504000,2592000,game_server_c128_r1;game_server_c128_r2;game_server_c128_r3,
gns,gns_r1_u20_128_1_broadcast_0_adaptive,1,3,3,1,0.9833,0.9929,1.0000,0.9925,1.0000,1.0000,1.0000,0.9881,1.0000,0.9875,12.08,16.82,61800,72500,72500,60600,71300,75300,game_server_c1_r1;game_server_c1_r2;game_server_c1_r3,
gns,gns_r1_u20_128_5_broadcast_0_adaptive,5,3,3,1,0.9812,0.9914,1.0000,0.9910,1.0000,1.0000,1.0000,0.9897,1.0000,0.9892,13.21,15.98,60700,74000,162500,59700,71500,76800,game_server_c5_r1;game_server_c5_r2;game_server_c5_r3,
gns,gns_r1_u20_128_64_broadcast_0_adaptive,64,3,3,1,0.9738,0.9899,1.0000,0.9894,1.0000,1.0000,1.0000,0.9834,0.9873,0.9832,48.41,81.89,60700,106300,160500,57000,70200,76000,game_server_c64_r1;game_server_c64_r2;game_server_c64_r3,
gns,gns_r1_u20_128_96_broadcast_0_adaptive,96,3,3,1,0.9740,0.9907,1.0000,0.9903,0.9998,1.0000,0.9998,0.9832,0.9845,0.9831,93.97,144.48,65000,117000,161700,59300,73000,87400,game_server_c96_r1;game_server_c96_r2;game_server_c96_r3,
gns,gns_r50_u0_64_1000_echo_0_adaptive,1000,3,3,1,1.0000,1.0000,1.0000,,1.0000,1.0000,,1.0000,1.0000,,126.61,136.94,78100,151500,209700,0,0,0,reliable_echo_c1000_r1;reliable_echo_c1000_r2;reliable_echo_c1000_r3,
gns,gns_r50_u0_64_1500_echo_0_adaptive,1500,3,3,1,1.0000,1.0000,1.0000,,1.0000,1.0000,,1.0000,1.0000,,142.77,153.76,102200,192900,259700,0,0,0,reliable_echo_c1500_r1;reliable_echo_c1500_r2;reliable_echo_c1500_r3,
gns,gns_r50_u0_64_1_echo_0_adaptive,1,3,3,1,1.0000,1.0000,1.0000,,1.0000,1.0000,,1.0000,1.0000,,12.16,17.64,61200,119500,175700,0,0,0,reliable_echo_c1_r1;reliable_echo_c1_r2;reliable_echo_c1_r3,
gns,gns_r50_u0_64_2000_echo_0_adaptive,2000,3,3,1,1.0000,1.0000,1.0000,,1.0000,1.0000,,1.0000,1.0000,,155.28,169.76,127900,245700,327700,0,0,0,reliable_echo_c2000_r1;reliable_echo_c2000_r2;reliable_echo_c2000_r3,
gns,gns_r50_u0_64_200_echo_0_adaptive,200,3,3,1,1.0000,1.0000,1.0000,,1.0000,1.0000,,1.0000,1.0000,,43.52,54.62,62300,123900,181500,0,0,0,reliable_echo_c200_r1;reliable_echo_c200_r2;reliable_echo_c200_r3,
gns,gns_r50_u0_64_3000_echo_0_adaptive,3000,3,0,0,,,,,,,,,,,,,,,,,,,,client_tick
gns,gns_r50_u0_64_50_echo_0_adaptive,50,3,3,1,1.0000,1.0000,1.0000,,1.0000,1.0000,,1.0000,1.0000,,20.77,31.18,62000,121400,180500,0,0,0,reliable_echo_c50_r1;reliable_echo_c50_r2;reliable_echo_c50_r3,
gns,gns_r50_u0_64_600_echo_0_adaptive,600,3,3,1,1.0000,1.0000,1.0000,,1.0000,1.0000,,1.0000,1.0000,,94.91,114.52,68700,151400,207700,0,0,0,reliable_echo_c600_r1;reliable_echo_c600_r2;reliable_echo_c600_r3,
gns,gns_r50_u50_64_1000_echo_0_adaptive,1000,3,3,1,0.9900,0.9950,1.0000,0.9900,1.0000,1.0000,1.0000,0.9950,1.0000,0.9900,148.27,160.66,83500,136700,183300,82300,103700,122800,echo_c1000_r1;echo_c1000_r2;echo_c1000_r3,
gns,gns_r50_u50_64_1500_echo_0_adaptive,1500,3,3,1,0.9900,0.9950,1.0000,0.9900,1.0000,1.0000,1.0000,0.9950,1.0000,0.9900,172.79,186.62,133500,220600,300300,130000,170800,193200,echo_c1500_r1;echo_c1500_r2;echo_c1500_r3,
gns,gns_r50_u50_64_1_echo_0_adaptive,1,3,3,1,0.9905,0.9955,1.0000,0.9910,1.0000,1.0000,1.0000,0.9955,1.0000,0.9909,12.24,17.11,61000,99100,140800,60200,72300,77000,echo_c1_r1;echo_c1_r2;echo_c1_r3,
gns,gns_r50_u50_64_2000_echo_0_adaptive,2000,3,0,0,,,,,,,,,,,,,,,,,,,,client_tick
gns,gns_r50_u50_64_200_echo_0_adaptive,200,3,3,1,0.9902,0.9950,1.0000,0.9900,1.0000,1.0000,1.0000,0.9951,1.0000,0.9902,49.10,56.38,62000,103000,143700,61000,73700,84500,echo_c200_r1;echo_c200_r2;echo_c200_r3,
gns,gns_r50_u50_64_50_echo_0_adaptive,50,3,3,1,0.9898,0.9949,1.0000,0.9898,1.0000,1.0000,1.0000,0.9950,1.0000,0.9899,21.91,26.73,61800,99000,141500,61000,72700,77400,echo_c50_r1;echo_c50_r2;echo_c50_r3,
gns,gns_r50_u50_64_600_echo_0_adaptive,600,3,3,1,0.9900,0.9950,1.0000,0.9899,1.0000,1.0000,1.0000,0.9950,1.0000,0.9900,108.72,123.55,68700,135200,182400,67100,111800,158000,echo_c600_r1;echo_c600_r2;echo_c600_r3,
kcp,kcp_r0_u30_1000_1_broadcast_0_adaptive,1,3,3,1,0.9767,0.9900,,0.9900,1.0000,,1.0000,0.9866,,0.9866,11.56,16.82,0,0,0,50000,62200,66200,media_relay_c1_r1;media_relay_c1_r2;media_relay_c1_r3,
kcp,kcp_r0_u30_1000_50_broadcast_0_adaptive,50,3,3,1,0.9804,0.9903,,0.9903,1.0000,,1.0000,0.9900,,0.9900,72.48,97.20,0,0,0,56200,69300,73600,media_relay_c50_r1;media_relay_c50_r2;media_relay_c50_r3,
kcp,kcp_r0_u30_1000_5_broadcast_0_adaptive,5,3,3,1,0.9788,0.9887,,0.9887,1.0000,,1.0000,0.9900,,0.9900,12.93,17.93,0,0,0,50200,61800,66500,media_relay_c5_r1;media_relay_c5_r2;media_relay_c5_r3,
kcp,kcp_r0_u30_1000_75_broadcast_0_adaptive,75,3,3,1,0.5261,0.5316,,0.5316,1.0000,,1.0000,0.9897,,0.9897,93.90,101.45,0,0,0,284700,332000,343800,media_relay_c75_r1;media_relay_c75_r2;media_relay_c75_r3,
kcp,kcp_r1_u20_128_1_broadcast_0_adaptive,1,3,3,1,0.9738,0.9881,1.0000,0.9875,1.0000,1.0000,1.0000,0.9855,1.0000,0.9848,11.57,18.09,56500,67400,67400,50000,61700,66500,game_server_c1_r1;game_server_c1_r2;game_server_c1_r3,
kcp,kcp_r1_u20_128_5_broadcast_0_adaptive,5,3,3,1,0.9825,0.9900,1.0000,0.9895,1.0000,1.0000,1.0000,0.9924,1.0000,0.9920,12.85,16.96,57900,73700,133200,50100,61600,66400,game_server_c5_r1;game_server_c5_r2;game_server_c5_r3,
kcp,kcp_r1_u20_128_64_broadcast_0_adaptive,64,3,3,1,0.9816,0.9911,1.0000,0.9906,1.0000,1.0000,1.0000,0.9904,1.0000,0.9899,55.99,99.95,67900,114300,138900,54300,68300,77300,game_server_c64_r1;game_server_c64_r2;game_server_c64_r3,
kcp,kcp_r1_u20_128_96_broadcast_0_adaptive,96,3,3,1,0.4968,0.5028,0.9708,0.4800,1.0000,1.0000,1.0000,0.9859,0.9807,0.9864,95.37,100.00,1685000,4384000,5878000,464400,696600,782200,game_server_c96_r1;game_server_c96_r2;game_server_c96_r3,
kcp,kcp_r50_u0_64_1000_echo_0_adaptive,1000,3,3,1,0.9992,0.9992,0.9992,,1.0000,1.0000,,1.0000,1.0000,,91.55,99.17,170800,398600,1019000,0,0,0,reliable_echo_c1000_r1;reliable_echo_c1000_r2;reliable_echo_c1000_r3,
kcp,kcp_r50_u0_64_1500_echo_0_adaptive,1500,3,3,1,0.9336,0.9354,0.9354,,1.0000,1.0000,,0.9980,0.9980,,90.06,98.03,394100,5853000,11328000,0,0,0,reliable_echo_c1500_r1;reliable_echo_c1500_r2;reliable_echo_c1500_r3,
kcp,kcp_r50_u0_64_1_echo_0_adaptive,1,3,3,1,1.0000,1.0000,1.0000,,1.0000,1.0000,,1.0000,1.0000,,11.59,16.77,58000,74300,122800,0,0,0,reliable_echo_c1_r1;reliable_echo_c1_r2;reliable_echo_c1_r3,
kcp,kcp_r50_u0_64_200_echo_0_adaptive,200,3,3,1,1.0000,1.0000,1.0000,,1.0000,1.0000,,1.0000,1.0000,,24.70,31.79,58100,85700,127200,0,0,0,reliable_echo_c200_r1;reliable_echo_c200_r2;reliable_echo_c200_r3,
kcp,kcp_r50_u0_64_50_echo_0_adaptive,50,3,3,1,1.0000,1.0000,1.0000,,1.0000,1.0000,,1.0000,1.0000,,15.06,23.33,57600,84400,126800,0,0,0,reliable_echo_c50_r1;reliable_echo_c50_r2;reliable_echo_c50_r3,
kcp,kcp_r50_u0_64_600_echo_0_adaptive,600,3,3,1,1.0000,1.0000,1.0000,,1.0000,1.0000,,1.0000,1.0000,,61.55,96.20,58600,88500,129500,0,0,0,reliable_echo_c600_r1;reliable_echo_c600_r2;reliable_echo_c600_r3,
kcp,kcp_r50_u50_64_1_echo_0_adaptive,1,3,3,1,0.9925,0.9960,1.0000,0.9920,1.0000,1.0000,1.0000,0.9960,1.0000,0.9919,11.73,16.77,57300,82300,125600,50100,61800,66600,echo_c1_r1;echo_c1_r2;echo_c1_r3,
kcp,kcp_r50_u50_64_200_echo_0_adaptive,200,3,3,1,0.9901,0.9950,1.0000,0.9900,1.0000,1.0000,1.0000,0.9951,1.0000,0.9901,37.56,45.01,56000,82800,124900,50300,62000,66700,echo_c200_r1;echo_c200_r2;echo_c200_r3,
kcp,kcp_r50_u50_64_50_echo_0_adaptive,50,3,3,1,0.9899,0.9951,1.0000,0.9903,1.0000,1.0000,1.0000,0.9950,1.0000,0.9899,17.23,21.14,57800,83000,126600,50200,61700,66600,echo_c50_r1;echo_c50_r2;echo_c50_r3,
kcp,kcp_r50_u50_64_600_echo_0_adaptive,600,3,3,1,0.8719,0.8757,1.0000,0.7514,1.0000,1.0000,1.0000,0.9957,1.0000,0.9900,91.16,99.30,128800,245100,344100,64000,76900,84200,echo_c600_r1;echo_c600_r2;echo_c600_r3,
litenetlib,litenetlib_r0_u30_1000_1_broadcast_0_adaptive,1,3,3,1,0.9817,0.9900,,0.9900,1.0000,,1.0000,0.9899,,0.9899,10.72,47.06,0,0,0,60300,74300,81000,media_relay_c1_r1;media_relay_c1_r2;media_relay_c1_r3,
litenetlib,litenetlib_r0_u30_1000_50_broadcast_0_adaptive,50,3,3,1,0.9733,0.9899,,0.9899,0.9998,,0.9998,0.9831,,0.9831,95.49,146.87,0,0,0,65600,89800,162100,media_relay_c50_r1;media_relay_c50_r2;media_relay_c50_r3,
litenetlib,litenetlib_r0_u30_1000_5_broadcast_0_adaptive,5,3,3,1,0.9819,0.9917,,0.9917,1.0000,,1.0000,0.9908,,0.9908,11.95,49.38,0,0,0,60000,74400,80300,media_relay_c5_r1;media_relay_c5_r2;media_relay_c5_r3,
litenetlib,litenetlib_r0_u30_1000_75_broadcast_0_adaptive,75,3,0,0,,,,,,,,,,,,,,,,,,,,client_tick
litenetlib,litenetlib_r1_u20_128_128_broadcast_0_adaptive,128,3,3,1,0.9751,0.9903,1.0000,0.9898,1.0000,1.0000,1.0000,0.9846,0.9875,0.9845,72.15,156.50,74900,193300,257900,63800,80800,99200,game_server_c128_r1;game_server_c128_r2;game_server_c128_r3,
litenetlib,litenetlib_r1_u20_128_192_broadcast_0_adaptive,192,3,1,0,0.3863,0.9907,1.0000,0.9902,1.0000,1.0000,1.0000,0.3899,0.0151,0.4089,131.83,184.52,0,1602000,2228000,2425000,18446744073106624,18446744073106624,game_server_c192_r1,
litenetlib,litenetlib_r1_u20_128_1_broadcast_0_adaptive,1,3,3,1,0.9810,0.9857,1.0000,0.9850,1.0000,1.0000,1.0000,0.9928,1.0000,0.9924,10.82,47.08,59600,70200,70200,60200,73600,78100,game_server_c1_r1;game_server_c1_r2;game_server_c1_r3,
litenetlib,litenetlib_r1_u20_128_5_broadcast_0_adaptive,5,3,3,1,0.9814,0.9900,1.0000,0.9895,1.0000,1.0000,1.0000,0.9909,1.0000,0.9904,11.69,48.29,59600,76200,251200,60400,74500,80700,game_server_c5_r1;game_server_c5_r2;game_server_c5_r3,
litenetlib,litenetlib_r1_u20_128_64_broadcast_0_adaptive,64,3,3,1,0.9763,0.9904,1.0000,0.9900,1.0000,1.0000,1.0000,0.9857,0.9906,0.9854,23.48,68.07,65500,148800,215600,61300,74900,81200,game_server_c64_r1;game_server_c64_r2;game_server_c64_r3,
litenetlib,litenetlib_r1_u20_128_96_broadcast_0_adaptive,96,3,3,1,0.9740,0.9905,1.0000,0.9901,0.9999,1.0000,0.9999,0.9833,0.9875,0.9831,40.16,102.09,65700,174300,227400,61400,75400,81600,game_server_c96_r1;game_server_c96_r2;game_server_c96_r3,
litenetlib,litenetlib_r50_u0_64_1000_echo_0_adaptive,1000,3,3,1,0.9999,1.0000,1.0000,,1.0000,1.0000,,0.9999,0.9999,,135.67,168.21,67000,189900,546600,0,0,0,reliable_echo_c1000_r1;reliable_echo_c1000_r2;reliable_echo_c1000_r3,
litenetlib,litenetlib_r50_u0_64_1500_echo_0_adaptive,1500,3,3,1,0.9999,0.9999,0.9999,,1.0000,1.0000,,0.9999,0.9999,,158.65,180.95,72400,196600,550800,0,0,0,reliable_echo_c1500_r1;reliable_echo_c1500_r2;reliable_echo_c1500_r3,
litenetlib,litenetlib_r50_u0_64_1_echo_0_adaptive,1,3,3,1,1.0000,1.0000,1.0000,,1.0000,1.0000,,1.0000,1.0000,,10.92,46.96,60800,178400,383000,0,0,0,reliable_echo_c1_r1;reliable_echo_c1_r2;reliable_echo_c1_r3,
litenetlib,litenetlib_r50_u0_64_2000_echo_0_adaptive,2000,3,3,1,0.9999,1.0000,1.0000,,1.0000,1.0000,,0.9999,0.9999,,164.83,194.32,78900,263600,814400,0,0,0,reliable_echo_c2000_r1;reliable_echo_c2000_r2;reliable_echo_c2000_r3,
litenetlib,litenetlib_r50_u0_64_200_echo_0_adaptive,200,3,3,1,0.9999,1.0000,1.0000,,1.0000,1.0000,,0.9999,0.9999,,34.86,80.45,62900,183800,516200,0,0,0,reliable_echo_c200_r1;reliable_echo_c200_r2;reliable_echo_c200_r3,
litenetlib,litenetlib_r50_u0_64_3000_echo_0_adaptive,3000,3,3,1,0.9997,0.9998,0.9978,,1.0000,1.0000,,0.9999,0.9999,,179.43,199.05,109500,388000,1006000,0,0,0,reliable_echo_c3000_r1;reliable_echo_c3000_r2;reliable_echo_c3000_r3,
litenetlib,litenetlib_r50_u0_64_50_echo_0_adaptive,50,3,3,1,1.0000,1.0000,1.0000,,1.0000,1.0000,,1.0000,1.0000,,17.50,56.04,62400,186300,561700,0,0,0,reliable_echo_c50_r1;reliable_echo_c50_r2;reliable_echo_c50_r3,
litenetlib,litenetlib_r50_u0_64_600_echo_0_adaptive,600,3,3,1,0.9999,1.0000,1.0000,,1.0000,1.0000,,0.9999,0.9999,,84.61,139.14,64800,185600,515900,0,0,0,reliable_echo_c600_r1;reliable_echo_c600_r2;reliable_echo_c600_r3,
litenetlib,litenetlib_r50_u50_64_1000_echo_0_adaptive,1000,3,3,1,0.9899,0.9950,0.9999,0.9900,1.0000,1.0000,1.0000,0.9950,0.9999,0.9899,138.14,176.29,67900,191000,598900,65800,78500,88800,echo_c1000_r1;echo_c1000_r2;echo_c1000_r3,
litenetlib,litenetlib_r50_u50_64_1500_echo_0_adaptive,1500,3,3,1,0.9900,0.9949,1.0000,0.9899,1.0000,1.0000,1.0000,0.9950,0.9999,0.9901,161.21,183.26,73600,202800,554900,72500,92600,101800,echo_c1500_r1;echo_c1500_r2;echo_c1500_r3,
litenetlib,litenetlib_r50_u50_64_1_echo_0_adaptive,1,3,3,1,0.9900,0.9950,1.0000,0.9900,1.0000,1.0000,1.0000,0.9950,1.0000,0.9899,11.00,50.71,62400,174200,301000,60100,74300,79500,echo_c1_r1;echo_c1_r2;echo_c1_r3,
litenetlib,litenetlib_r50_u50_64_2000_echo_0_adaptive,2000,3,3,1,0.9874,0.9925,0.9993,0.9847,1.0000,1.0000,1.0000,0.9950,0.9999,0.9900,170.08,195.26,91600,394000,991100,79800,112000,128900,echo_c2000_r1;echo_c2000_r2;echo_c2000_r3,
litenetlib,litenetlib_r50_u50_64_200_echo_0_adaptive,200,3,3,1,0.9901,0.9950,1.0000,0.9900,1.0000,1.0000,1.0000,0.9950,0.9999,0.9900,35.84,81.83,63000,186400,549600,61100,75300,81800,echo_c200_r1;echo_c200_r2;echo_c200_r3,
litenetlib,litenetlib_r50_u50_64_3000_echo_0_adaptive,3000,3,0,0,,,,,,,,,,,,,,,,,,,,client_tick
litenetlib,litenetlib_r50_u50_64_50_echo_0_adaptive,50,3,3,1,0.9899,0.9952,1.0000,0.9904,1.0000,1.0000,1.0000,0.9949,1.0000,0.9897,17.73,57.78,62400,185800,505600,60400,74600,80900,echo_c50_r1;echo_c50_r2;echo_c50_r3,
litenetlib,litenetlib_r50_u50_64_600_echo_0_adaptive,600,3,3,1,0.9901,0.9950,1.0000,0.9901,1.0000,1.0000,1.0000,0.9950,0.9999,0.9901,91.82,142.83,65000,186500,526100,62600,76700,84500,echo_c600_r1;echo_c600_r2;echo_c600_r3,
mini_rudp,mini_rudp_r0_u30_1000_1_broadcast_0_adaptive,1,3,3,1,0.9850,0.9917,,0.9917,1.0000,,1.0000,0.9882,,0.9882,11.80,16.30,0,0,0,50100,61800,66400,media_relay_c1_r1;media_relay_c1_r2;media_relay_c1_r3,
mini_rudp,mini_rudp_r0_u30_1000_50_broadcast_0_adaptive,50,3,3,1,0.9806,0.9905,,0.9905,1.0000,,1.0000,0.9899,,0.9899,72.01,85.86,0,0,0,56200,69200,73500,media_relay_c50_r1;media_relay_c50_r2;media_relay_c50_r3,
mini_rudp,mini_rudp_r0_u30_1000_5_broadcast_0_adaptive,5,3,3,1,0.9784,0.9883,,0.9883,1.0000,,1.0000,0.9899,,0.9899,12.76,17.82,0,0,0,50200,61700,66400,media_relay_c5_r1;media_relay_c5_r2;media_relay_c5_r3,
mini_rudp,mini_rudp_r0_u30_1000_75_broadcast_0_adaptive,75,3,3,1,0.5227,0.5282,,0.5282,1.0000,,1.0000,0.9897,,0.9897,12.61,99.39,0,0,0,203000,229000,236900,media_relay_c75_r1;media_relay_c75_r2;media_relay_c75_r3,
mini_rudp,mini_rudp_r1_u20_128_1_broadcast_0_adaptive,1,3,3,1,0.9857,0.9952,1.0000,0.9950,1.0000,1.0000,1.0000,0.9881,1.0000,0.9875,11.79,16.67,48900,62300,62300,50400,61400,67400,game_server_c1_r1;game_server_c1_r2;game_server_c1_r3,
mini_rudp,mini_rudp_r1_u20_128_5_broadcast_0_adaptive,5,3,3,1,0.9830,0.9924,1.0000,0.9920,1.0000,1.0000,1.0000,0.9902,1.0000,0.9897,12.68,18.28,50400,64300,101400,50000,61700,66500,game_server_c5_r1;game_server_c5_r2;game_server_c5_r3,
mini_rudp,mini_rudp_r1_u20_128_64_broadcast_0_adaptive,64,3,3,1,0.8821,0.8907,1.0000,0.8852,1.0000,1.0000,1.0000,0.9904,1.0000,0.9899,64.51,99.20,69300,119300,162800,56300,77600,103500,game_server_c64_r1;game_server_c64_r2;game_server_c64_r3,
mini_rudp,mini_rudp_r50_u0_64_1000_echo_0_adaptive,1000,3,0,0,,,,,,,,,,,,,,,,,,,,server_crash
mini_rudp,mini_rudp_r50_u0_64_1_echo_0_adaptive,1,3,3,1,1.0000,1.0000,1.0000,,1.0000,1.0000,,1.0000,1.0000,,11.91,16.74,50200,62900,98100,0,0,0,reliable_echo_c1_r1;reliable_echo_c1_r2;reliable_echo_c1_r3,
mini_rudp,mini_rudp_r50_u0_64_200_echo_0_adaptive,200,3,3,1,1.0000,1.0000,1.0000,,1.0000,1.0000,,1.0000,1.0000,,41.00,56.60,50600,63600,100500,0,0,0,reliable_echo_c200_r1;reliable_echo_c200_r2;reliable_echo_c200_r3,
mini_rudp,mini_rudp_r50_u0_64_50_echo_0_adaptive,50,3,3,1,1.0000,1.0000,1.0000,,1.0000,1.0000,,1.0000,1.0000,,17.60,25.49,50400,63300,100700,0,0,0,reliable_echo_c50_r1;reliable_echo_c50_r2;reliable_echo_c50_r3,
mini_rudp,mini_rudp_r50_u0_64_600_echo_0_adaptive,600,3,3,1,0.9914,0.9998,0.9998,,1.0000,1.0000,,0.9915,0.9915,,99.72,99.72,75200,258300,369700,0,0,0,reliable_echo_c600_r1;reliable_echo_c600_r2;reliable_echo_c600_r3,
mini_rudp,mini_rudp_r50_u50_64_1_echo_0_adaptive,1,3,3,1,0.9885,0.9965,1.0000,0.9930,1.0000,1.0000,1.0000,0.9920,1.0000,0.9839,11.94,16.96,50400,64200,99200,50200,61500,66200,echo_c1_r1;echo_c1_r2;echo_c1_r3,
mini_rudp,mini_rudp_r50_u50_64_200_echo_0_adaptive,200,3,3,1,0.9901,0.9950,1.0000,0.9901,1.0000,1.0000,1.0000,0.9950,1.0000,0.9900,55.86,79.42,50700,63800,101100,50500,62100,67000,echo_c200_r1;echo_c200_r2;echo_c200_r3,
mini_rudp,mini_rudp_r50_u50_64_50_echo_0_adaptive,50,3,3,1,0.9902,0.9952,1.0000,0.9904,1.0000,1.0000,1.0000,0.9950,1.0000,0.9899,20.34,30.32,50400,63200,99800,50300,61900,66700,echo_c50_r1;echo_c50_r2;echo_c50_r3,
mini_rudp,mini_rudp_r50_u50_64_600_echo_0_adaptive,600,3,3,1,0.7185,0.7250,0.9996,0.4505,1.0000,1.0000,1.0000,0.9910,0.9916,0.9900,99.60,99.60,103900,274500,418900,57600,70300,75100,echo_c600_r1;echo_c600_r2;echo_c600_r3,
msquic,msquic_r0_u30_1000_1_broadcast_0_adaptive,1,3,3,1,0.9817,0.9900,,0.9900,1.0000,,1.0000,0.9898,,0.9898,10.66,14.81,0,0,0,50600,61900,66700,media_relay_c1_r1;media_relay_c1_r2;media_relay_c1_r3,
msquic,msquic_r0_u30_1000_5_broadcast_0_adaptive,5,3,3,1,0.8435,0.9250,,0.9250,0.9615,,0.9615,0.9475,,0.9475,14.42,30.03,0,0,0,50700,62500,67900,media_relay_c5_r1;media_relay_c5_r2;media_relay_c5_r3,
msquic,msquic_r1_u20_128_1_broadcast_0_adaptive,1,3,3,1,0.9786,0.9857,1.0000,0.9850,1.0000,1.0000,1.0000,0.9879,1.0000,0.9872,10.63,14.98,52100,60400,60400,50400,62000,66600,game_server_c1_r1;game_server_c1_r2;game_server_c1_r3,
msquic,msquic_r1_u20_128_5_broadcast_0_adaptive,5,3,3,1,0.8455,0.9276,0.9400,0.9270,0.9618,0.9617,0.9618,0.9474,0.9602,0.9467,13.27,19.98,52200,64400,100900,50600,62100,66500,game_server_c5_r1;game_server_c5_r2;game_server_c5_r3,
msquic,msquic_r50_u0_64_1_echo_0_adaptive,1,3,3,1,1.0000,1.0000,1.0000,,1.0000,1.0000,,1.0000,1.0000,,11.01,15.47,51100,71900,116900,0,0,0,reliable_echo_c1_r1;reliable_echo_c1_r2;reliable_echo_c1_r3,
msquic,msquic_r50_u0_64_50_echo_0_adaptive,50,3,3,1,0.6276,0.6277,0.6277,,1.0000,1.0000,,0.9999,0.9999,,29.64,50.84,51400,77500,119700,0,0,0,reliable_echo_c50_r1;reliable_echo_c50_r2;reliable_echo_c50_r3,
msquic,msquic_r50_u50_64_1_echo_0_adaptive,1,3,3,1,0.9905,0.9960,1.0000,0.9920,1.0000,1.0000,1.0000,0.9945,1.0000,0.9889,11.04,14.42,51300,77800,118100,50300,61500,67900,echo_c1_r1;echo_c1_r2;echo_c1_r3,
msquic,msquic_r50_u50_64_50_echo_0_adaptive,50,3,3,1,0.6206,0.6237,0.6266,0.6209,1.0000,1.0000,1.0000,0.9950,0.9999,0.9902,36.91,62.16,51700,73300,114500,51100,63200,68700,echo_c50_r1;echo_c50_r2;echo_c50_r3,
raknet,raknet_r0_u30_1000_1_broadcast_0_adaptive,1,3,3,1,0.9867,0.9950,,0.9950,1.0000,,1.0000,0.9916,,0.9916,10.67,14.99,0,0,0,63000,76900,81700,media_relay_c1_r1;media_relay_c1_r2;media_relay_c1_r3,
raknet,raknet_r0_u30_1000_50_broadcast_0_adaptive,50,3,2,1,0.7648,0.9592,,0.9543,0.9677,,0.9677,0.8268,,0.8268,119.44,123.00,0,0,0,961050,1161000,1205000,media_relay_c50_r2;media_relay_c50_r3,
raknet,raknet_r0_u30_1000_5_broadcast_0_adaptive,5,3,3,1,0.9787,0.9877,,0.9877,1.0000,,1.0000,0.9900,,0.9900,12.29,14.56,0,0,0,55600,68700,74100,media_relay_c5_r1;media_relay_c5_r2;media_relay_c5_r3,
raknet,raknet_r1_u20_128_1_broadcast_0_adaptive,1,3,2,1,0.9869,0.9929,1.0000,0.9925,1.0000,1.0000,1.0000,0.9940,1.0000,0.9937,10.60,15.62,63800,76400,76400,64550,76600,80950,game_server_c1_r1;game_server_c1_r3,
raknet,raknet_r1_u20_128_5_broadcast_0_adaptive,5,3,3,1,0.6296,0.7948,0.8000,0.7945,0.8000,0.8000,0.8000,0.9863,0.9906,0.9861,11.61,17.54,57600,71700,116700,57300,70500,75800,game_server_c5_r1;game_server_c5_r2;game_server_c5_r3,
raknet,raknet_r50_u0_64_1_echo_0_adaptive,1,3,3,1,1.0000,1.0000,1.0000,,1.0000,1.0000,,1.0000,1.0000,,10.73,15.20,64000,99000,139800,0,0,0,reliable_echo_c1_r1;reliable_echo_c1_r2;reliable_echo_c1_r3,
raknet,raknet_r50_u0_64_200_echo_0_adaptive,200,3,1,0,0.9992,0.9992,0.9920,,1.0000,1.0000,,1.0000,1.0000,,68.93,79.92,55400,86400,130500,0,0,0,reliable_echo_c200_r3,
raknet,raknet_r50_u0_64_50_echo_0_adaptive,50,3,2,1,0.9896,0.9896,0.9874,,1.0000,1.0000,,1.0000,1.0000,,22.73,28.95,55550,86750,130600,0,0,0,reliable_echo_c50_r1;reliable_echo_c50_r3,
raknet,raknet_r50_u50_64_1_echo_0_adaptive,1,3,3,1,0.9910,0.9945,1.0000,0.9890,1.0000,1.0000,1.0000,0.9965,1.0000,0.9929,10.78,16.63,63000,87200,134100,62200,75100,80400,echo_c1_r1;echo_c1_r2;echo_c1_r3,
raknet,raknet_r50_u50_64_200_echo_0_adaptive,200,3,0,0,,,,,,,,,,,,,,,,,,,,client_tick
raknet,raknet_r50_u50_64_50_echo_0_adaptive,50,3,3,1,0.9503,0.9552,0.9600,0.9503,1.0000,1.0000,1.0000,0.9949,1.0000,0.9898,23.03,26.90,55500,87000,130600,54700,67300,72600,echo_c50_r1;echo_c50_r2;echo_c50_r3,
raw_udp,raw_udp_r0_u30_1000_1_broadcast_0_adaptive,1,3,3,1,0.9817,0.9917,,0.9917,1.0000,,1.0000,0.9899,,0.9899,10.72,15.75,0,0,0,50300,61400,66000,media_relay_c1_r1;media_relay_c1_r2;media_relay_c1_r3,
raw_udp,raw_udp_r0_u30_1000_50_broadcast_0_adaptive,50,3,3,1,0.9801,0.9900,,0.9900,1.0000,,1.0000,0.9900,,0.9900,70.02,90.13,0,0,0,56100,69000,73300,media_relay_c50_r1;media_relay_c50_r2;media_relay_c50_r3,
raw_udp,raw_udp_r0_u30_1000_5_broadcast_0_adaptive,5,3,3,1,0.9821,0.9907,,0.9907,1.0000,,1.0000,0.9905,,0.9905,11.29,15.23,0,0,0,50200,61700,66400,media_relay_c5_r1;media_relay_c5_r2;media_relay_c5_r3,
raw_udp,raw_udp_r0_u30_1000_75_broadcast_0_adaptive,75,3,3,1,0.5254,0.5307,,0.5307,1.0000,,1.0000,0.9901,,0.9901,11.17,88.50,0,0,0,202400,228100,235800,media_relay_c75_r1;media_relay_c75_r2;media_relay_c75_r3,
slikenet,slikenet_r0_u30_1000_1_broadcast_0_adaptive,1,3,3,1,0.9833,0.9900,,0.9900,1.0000,,1.0000,0.9933,,0.9933,10.60,15.05,0,0,0,63300,76600,81900,media_relay_c1_r1;media_relay_c1_r2;media_relay_c1_r3,
slikenet,slikenet_r1_u20_128_1_broadcast_0_adaptive,1,3,3,1,0.9738,0.9857,1.0000,0.9850,1.0000,1.0000,1.0000,0.9879,1.0000,0.9873,10.55,15.40,64400,74000,74000,64400,77000,82100,game_server_c1_r1;game_server_c1_r2;game_server_c1_r3,
slikenet,slikenet_r50_u0_64_1_echo_0_adaptive,1,3,3,1,1.0000,1.0000,1.0000,,1.0000,1.0000,,1.0000,1.0000,,10.69,15.38,63200,92800,132800,0,0,0,reliable_echo_c1_r1;reliable_echo_c1_r2;reliable_echo_c1_r3,
slikenet,slikenet_r50_u50_64_1_echo_0_adaptive,1,3,3,1,0.9920,0.9960,1.0000,0.9920,1.0000,1.0000,1.0000,0.9960,1.0000,0.9919,10.76,14.77,63000,81300,134400,62400,75100,79700,echo_c1_r1;echo_c1_r2;echo_c1_r3,
udt4,udt4_r50_u0_64_1_echo_0_adaptive,1,3,3,1,0.6790,0.7260,0.7260,,1.0000,1.0000,,0.9353,0.9353,,17.02,22.83,4071000,6700000,6893000,0,0,0,reliable_echo_c1_r1;reliable_echo_c1_r2;reliable_echo_c1_r3,
yojimbo,yojimbo_r0_u30_1000_1_broadcast_0_adaptive,1,3,3,1,0.0850,0.0850,,0.0850,1.0000,,1.0000,1.0000,,1.0000,66.85,70.19,0,0,0,41400,50500,50900,media_relay_c1_r1;media_relay_c1_r2;media_relay_c1_r3,
yojimbo,yojimbo_r1_u20_128_1_broadcast_0_adaptive,1,3,3,1,0.2119,0.2119,1.0000,0.1725,1.0000,1.0000,1.0000,1.0000,1.0000,1.0000,67.00,74.47,538100,1247000,1247000,43100,52200,56700,game_server_c1_r1;game_server_c1_r2;game_server_c1_r3,
yojimbo,yojimbo_r50_u0_64_1_echo_0_adaptive,1,3,3,1,0.9350,0.9350,0.9350,,1.0000,1.0000,,1.0000,1.0000,,67.27,70.15,1550000,2546000,3145000,0,0,0,reliable_echo_c1_r1;reliable_echo_c1_r2;reliable_echo_c1_r3,
yojimbo,yojimbo_r50_u50_64_1_echo_0_adaptive,1,3,3,1,0.5465,0.5470,0.9290,0.1850,1.0000,1.0000,1.0000,0.9948,1.0000,0.9939,67.55,76.06,1391000,2373000,2708000,44000,52600,54900,echo_c1_r1;echo_c1_r2;echo_c1_r3,
